"","baseMean","log2FoldChange","lfcSE","stat","pvalue","padj"
"AADAC",281.149950935192,-6.78436821381722,1.18824979081567,-5.7095471560404,5.63771445762101e-07,6.71898920980335e-05
"ACACB",20934.4242554714,-5.18996150712534,0.955604407222773,-5.43107740807588,5.80948687752048e-06,0.000476718129235053
"ADH1A",1129.85774853476,-8.59998323771456,1.26915279139963,-6.77616067662781,1.06068151517525e-09,3.21572583574447e-07
"ADH1B",121455.243509556,-7.89878996368321,1.4401177967014,-5.4848221317558,8.32424873520569e-07,9.52657896642978e-05
"ADH1C",639.461889115021,-5.74549508354831,0.954157452318223,-6.0215377132873,3.28787104449987e-07,4.27200748270693e-05
"ADRA1A",134.885667454895,-5.99259793861809,0.963551750403451,-6.21927980112009,1.10082335927535e-07,1.78490477032201e-05
"ADRB2",745.534635806452,-4.34414011933998,0.799041967673618,-5.43668580010609,1.4246578163728e-05,0.00100899638216141
"AGTR1",1403.88687727782,-4.00812405734205,0.821790607127099,-4.87730575475189,0.000125886515182788,0.00555369544409506
"ABCD2",1515.18307558519,-6.45113849071102,0.988061674819835,-6.52908482852281,1.72415735997944e-08,3.77153966301326e-06
"ANGPT1",1271.08965962945,-3.73879005255591,0.630743600679226,-5.92759093953507,7.05441477877358e-06,0.000559207989871496
"ANK2",3490.9282083904,-3.12994660454622,0.548211898471179,-5.70937371712439,5.1109892059895e-05,0.00288637269505571
"AOX1",2219.04674833068,-4.20812537499006,0.585046165759552,-7.19280908289818,2.08446312727443e-08,4.33995268703968e-06
"APLP1",461.212816450921,4.01292489122335,0.593480686268521,6.76167731161465,1.92020721941866e-07,2.81212719989609e-05
"APOB",786.311864964263,-6.93796679592045,1.03607113085277,-6.69641937635105,4.98511961695431e-09,1.26688017794981e-06
"AQP7",5638.39472753208,-8.18929863420577,1.06026844231708,-7.72379739635473,5.98223489695617e-12,4.7882935851897e-09
"ABCC6",618.647546114642,-3.45188964054389,0.699069122269607,-4.93783737627682,0.000226285189468421,0.0087677900430578
"ASPA",331.311076963058,-5.44378088703379,0.813481486054481,-6.69195424893691,2.34513053894016e-08,4.76778833452058e-06
"ATP1A2",5050.25301489267,-8.28626419843324,0.789972613977135,-10.4893056440474,1.43860550071411e-20,1.24302708289203e-16
"KIF1A",486.85875495772,5.55411782845014,1.18249071811636,4.69696526438495,5.87628885141589e-05,0.00320341159751792
"BMP3",206.472552960009,-5.63390271764194,1.0860348518194,-5.1875892455971,9.91496545903028e-06,0.000758143885387178
"BUB1",1267.38529933137,5.13328884073145,0.951452002141668,5.39521576409182,6.98956284629969e-06,0.000556620440308317
"BUB1B",818.379924736921,4.30918730175662,0.879048975447556,4.90210150072998,8.34392825899469e-05,0.00407320407468043
"C6",1609.18560299474,-6.06275967621809,1.35570966317813,-4.47201922423821,9.41769079883864e-05,0.00441049091313633
"CA3",925.817048303315,-4.7660179690655,1.01459115380126,-4.69747636888923,0.000102878446857265,0.00474091317370774
"CA4",703.68994950951,-9.39970053051407,0.686000379510753,-13.7021797819089,8.99410750397883e-35,1.55427171776258e-30
"CA9",324.531315982061,6.08748850512587,1.39526695816579,4.36295611352285,0.000133237955254078,0.00578513845413497
"CASQ2",402.70859374858,-4.37033978770661,0.903841177791065,-4.83529617270533,9.61574237935733e-05,0.00447896614710712
"CAV1",34051.5414263478,-3.41415002102935,0.602540320448175,-5.66625984214612,3.07969362075438e-05,0.00192826758913973
"CAV2",9243.81723852368,-3.0138676469712,0.578405636739037,-5.21064708837025,0.000249068124600665,0.00939769926031461
"CD36",87850.5157676665,-6.28737852460382,0.867889884377819,-7.2444426853888,5.56767871030652e-10,1.88656972142759e-07
"CDK1",1562.02927498266,3.54174885306293,0.668697343965957,5.29649008631809,7.20435015298718e-05,0.00370322145681996
"CDC6",1137.50805203499,3.7426994265258,0.765109977638986,4.89171431024232,0.000168725038514322,0.00694223188229999
"CDC20",1514.11708425023,5.07437319344154,1.02291043302283,4.96072092885603,3.40098878576583e-05,0.00207676633239644
"CDH2",244.946231089258,3.18537966473186,0.59038016827212,5.39547199570505,0.000107101758153322,0.00487059337538831
"CDKN3",447.492105454576,4.16829146429436,0.892434869998304,4.67069542486869,0.000192498032635324,0.00776647115986781
"CDO1",3072.63197290145,-4.62466646949151,0.941554488233938,-4.9117353560344,5.91416417547634e-05,0.0032139204753587
"CEBPA",6629.32748730235,-4.02784382088445,0.757081129909966,-5.32022746540183,3.17563391437513e-05,0.00196695805284289
"CENPA",300.059627371574,4.40375065670808,0.960022041212375,4.587134948638,0.000195949369033842,0.00785661495655179
"CENPE",790.273590786286,3.50808713945171,0.688244002894303,5.0971561316902,0.000134121254624571,0.00579437350291804
"CENPF",3531.69504023609,3.65785593085621,0.761621187465193,4.80272344185984,0.000241750569637375,0.00924268051748555
"CES1",5781.81326884817,-4.89901852705559,0.577418063135176,-8.48435274167846,7.26568804349331e-12,5.45905891650469e-09
"CHIT1",570.601275579274,-5.84461999675082,1.20990088198986,-4.83066016708614,3.11286292329091e-05,0.00194199942878665
"CIDEA",4806.82629384398,-8.80162642844654,1.2927826777371,-6.80827998395912,7.96038402210606e-10,2.54747030159287e-07
"CKMT2",315.620655840062,-4.4897749414361,0.696610561882886,-6.44517207620364,2.72645887500373e-07,3.70991620621571e-05
"CMA1",155.286680594356,-5.4709123964617,1.04869505518617,-5.21687631633821,1.00713671338964e-05,0.000766710552602923
"CNTFR",1909.83744468076,-6.65284748666576,1.09870472027609,-6.05517329987802,1.33754455606225e-07,2.02755328713262e-05
"COL10A1",4375.94741759555,7.03381190159957,0.814682844550709,8.63380387674502,6.49201032107819e-14,1.60269186226503e-10
"COL11A1",9281.82763020736,9.66860817137243,1.12086350223095,8.62603533091062,5.21644179251493e-15,1.80290661232901e-11
"COMP",4512.9720154486,4.72937324981492,0.889586358122555,5.31637339830179,1.38097972490215e-05,0.000982086857038442
"CPA1",89.1090541511921,-8.84048262151979,1.26741123717099,-6.97522821499735,3.08127332404772e-10,1.18327742917486e-07
"CPM",8707.12631331505,-4.07904842703909,0.812883863465256,-5.01799655568318,7.59911583606732e-05,0.0038510357995038
"CRHBP",297.38247177635,-6.39848124897591,0.914852563631782,-6.9940026440711,1.8072878446203e-09,5.11995758080056e-07
"HAPLN1",411.046589800237,6.07013306425333,1.33877998968264,4.53407812413767,7.62631018807504e-05,0.00385351656023757
"CSN1S1",28.5058179973372,-5.39637401415692,1.05457848580638,-5.11709093897418,1.53080276920633e-05,0.00106668559091349
"CST1",439.02464147324,10.038662927843,1.38589523764982,7.24345004956252,3.47131804957284e-11,1.93509184563446e-08
"CTSG",273.827889909128,-3.91296969456755,0.745887327554404,-5.24606002812421,4.70397193178679e-05,0.00270064249013978
"AKR1C1",6314.65575923953,-4.89503109992028,0.783147376553437,-6.25045967907456,3.28670732061308e-07,4.27200748270693e-05
"AKR1C2",7138.50577063993,-5.42710788122548,0.648696679867922,-8.36617181751333,4.40793932708065e-12,3.80867997556403e-09
"CFD",10647.416866439,-6.16551539472328,0.750207384992135,-8.21841469180942,2.88025845533868e-12,2.61967086140567e-09
"DPP6",84.1924650618496,-5.07286109856332,0.788150405227095,-6.43641247269504,1.18547438463709e-07,1.87946631568014e-05
"DPT",14240.1400023798,-4.69518470392801,0.806577957666698,-5.8211170529758,2.31034805766487e-06,0.000221806248802815
"EPYC",135.935250885001,7.12788601481735,1.25780330439032,5.66693217448048,5.52715373906995e-07,6.70653358673376e-05
"E2F2",387.22756603568,3.91397578895708,0.825465783318806,4.74153607339221,0.000207703554629166,0.00822602500562292
"EBF1",3926.03822905075,-3.78646658334038,0.615973144686802,-6.14712932861003,3.03865168389842e-06,0.000277835660049993
"S1PR1",3850.45374803057,-2.69636799214354,0.452155902041037,-5.96335905375139,8.78083940475763e-05,0.00423859457412337
"EEF1A2",3640.79949303043,5.23682216904674,1.21911936443425,4.29557787516315,0.000255284356827414,0.00952714697352949
"EPAS1",27288.2616505068,-2.6828797596654,0.451776566045917,-5.9385102311675,9.76472848191956e-05,0.00453613636817344
"EPB42",110.708339990474,-8.17236481875266,1.29676933752326,-6.30209597210348,1.59259206899429e-08,3.52840814670389e-06
"FABP4",101855.522947024,-7.31285643726623,1.20518529175031,-6.06782748455687,8.11307060309217e-08,1.34809589511573e-05
"FCN2",72.7101224469256,-5.19481699684164,1.14478617110684,-4.53780551159086,0.000124048975354788,0.00551992244648717
"FGF2",3226.29195655846,-4.23013149147245,0.487600774720094,-8.67539944722348,1.74164009081505e-11,1.07490294319196e-08
"FHL1",46822.3501202284,-5.89254988510209,0.70940610719181,-8.30631400739951,2.66151675087379e-12,2.61967086140567e-09
"FIGF",1224.12644016094,-5.6591970538727,1.02615064120447,-5.51497687243084,2.80661000200473e-06,0.000262167715916993
"FOXM1",2525.68884162458,5.13177568052532,0.94052187460377,5.45630656669977,5.58816657766734e-06,0.000462313094615975
"FMO2",8609.53849817211,-5.27178949401483,0.700654236258814,-7.52409565403311,5.40867121033187e-10,1.8693449437149e-07
"FN1",252120.294593047,3.2476975277304,0.633837145985879,5.12386746074796,0.000195433181485264,0.00785414141685314
"FOLR2",1609.22054267213,-3.82835085028376,0.809543080852218,-4.72902670757632,0.00023813393159681,0.00912495684479979
"GDF10",668.568148696498,-4.62562844935012,1.04089743687714,-4.44388494531006,0.000247784188628767,0.00939026000810027
"GFRA2",166.988573585547,-4.05520753569222,0.670849093496911,-6.04488785183235,2.62876976231726e-06,0.000248239181762867
"GHR",10543.9583382114,-4.28294385259624,0.81656135253775,-5.24509743117954,2.90436235854142e-05,0.00182510130610743
"GJB2",2326.08495167314,6.02620659666878,0.687267282880548,8.76835948222517,1.30309220592026e-13,2.50208182338978e-10
"GPC3",5356.14795883989,-3.7446725695052,0.722196996666483,-5.18511235409433,7.22172114431068e-05,0.00370322145681996
"GLDC",154.519835661862,4.3261538668154,0.876026384408941,4.93838307134353,7.32693880047825e-05,0.00374606004174747
"GNAL",512.314764611759,-3.05615154785632,0.493744876317076,-6.18973825237976,1.56085671808381e-05,0.00107449759067975
"GPD1",33990.4928300953,-8.21069143233907,1.21060262889016,-6.78231753045699,1.29021337597018e-09,3.84416850864495e-07
"GPLD1",245.321454235089,-4.44410613087699,0.638181741450817,-6.96369990274861,3.39297682905009e-08,6.30473468632415e-06
"GPER",459.374641121326,-3.21383151428095,0.623090843253587,-5.15788596330404,0.000190444150181853,0.00770741301942062
"GPX3",36022.7267424404,-4.73009852295486,0.857371551572202,-5.51697629141188,6.78764314326275e-06,0.000543042875734831
"GRIA1",189.330425421561,-5.09138702722164,1.05486643561135,-4.82657031766386,5.25371970203556e-05,0.00292869452164118
"GRIN2D",162.810985013019,3.08688339139888,0.48363987289203,6.38260731676276,7.98183786843886e-06,0.000624136381015801
"GRM4",47.4358219195436,4.58515841459667,0.693018748805582,6.61621121001299,1.15029170490739e-07,1.84057323634301e-05
"GSN",85825.3059216387,-3.20479275533258,0.525631885635102,-6.09702881981816,1.36702869850415e-05,0.000977454320163747
"GYS2",310.01214712176,-9.38279902730894,1.94867242937903,-4.814969866587,8.52042236026355e-06,0.000660275420662397
"HBA2",4687.2998309208,-6.5556608907593,0.775928286947977,-8.44879739665791,4.03330865267334e-13,5.808300568904e-10
"HBB",7422.54459681471,-7.3221883203974,0.751157237263761,-9.7478769519281,1.93787798233293e-17,8.37211735317382e-14
"TLX1",318.593961697891,7.46511793648998,1.39458167785521,5.35294422336805,1.77772164514898e-06,0.000176556366378273
"HSD11B1",927.939277180657,-4.51391016606838,0.917641000867954,-4.91903714175684,6.42586326209279e-05,0.00338552875098249
"IGFBP6",2146.52413050321,-3.51384256541938,0.596415212878696,-5.89160452239178,1.24933227518798e-05,0.000918711108405254
"INHBA",985.39360388551,4.40324418362487,0.671537474402303,6.55695974010079,2.01178150481268e-07,2.91985513792193e-05
"ITGA7",7425.24741101504,-5.07164915112153,0.676463140592796,-7.49730302626269,8.77349075896896e-10,2.75663079646805e-07
"KCNB1",392.491205061332,-5.16800193997027,0.756792168854451,-6.82882586878908,1.82024948056838e-08,3.93196640921278e-06
"KCNG1",366.480093528173,4.75710766334205,0.975187855114649,4.87814490140752,5.84126759313506e-05,0.00320341159751792
"KIF11",1855.93672712907,3.74934671861381,0.791239781256921,4.73857205796427,0.00025568231244352,0.00952714697352949
"LEP",13342.7487133952,-9.18731748140263,1.11490744131015,-8.24043067701334,1.04043437451994e-13,2.24746830325989e-10
"LEPR",3703.20516550399,-3.74194192503028,0.504175629596862,-7.42190162587257,2.68706595382996e-08,5.21743671327366e-06
"LHCGR",28.1338777116633,-7.18922164046181,1.45369003140485,-4.94549834225259,1.03407835990452e-05,0.000783767900767984
"LIFR",8407.54543581591,-2.81793159118019,0.444500425959121,-6.33954756083709,2.15843870319135e-05,0.00141287800113067
"LIPE",22171.3469282574,-6.91481720442779,0.891700718490896,-7.7546390409221,1.64258103615828e-11,1.05131269947597e-08
"MAOA",12054.2436044498,-5.28266433489657,0.810936115974622,-6.51427927654647,6.41924948473646e-08,1.10931050345731e-05
"MEOX2",1216.16728419915,-3.49075664452439,0.659225362621979,-5.29524020532277,7.89486766775051e-05,0.00392043701627576
"MFAP2",1799.43174183865,2.84753341067351,0.421575093014905,6.75451054356485,5.86750011061585e-06,0.000478284289677135
"MKI67",3994.8658693616,4.17449535549402,0.919037464957128,4.54224720391432,0.000276021779552549,0.00997893801767282
"MME",12493.0915325449,-3.5948005885049,0.599976111895706,-5.99157285970377,7.63213624903071e-06,0.000602241764929222
"MMP1",451.312627309509,6.85632779340119,1.23370064928395,5.55752953310081,1.03257887979935e-06,0.00011512255239879
"MMP11",9462.43123735481,6.4436252907971,0.755955228375478,8.52381867196584,2.98886833217435e-13,5.1650633648305e-10
"MMP13",405.365560087505,8.14333468739078,0.789336614489807,10.3166818033068,7.1618381071374e-20,4.12545747764805e-16
"MYBL2",2975.66540597878,5.85915418489728,0.927032283356511,6.32033456664854,7.95850208049609e-08,1.33525120828207e-05
"MYH1",166.707101834421,-7.16158722913275,0.95839883217231,-7.47244987026985,6.420494196437e-11,2.99871784347643e-08
"MYH11",12632.4523927266,-3.26599414422097,0.63065877467111,-5.17870245430929,0.000163409323784668,0.00674775211013859
"MYOC",905.990877684197,-8.96404751159623,1.12527393776851,-7.96610248467363,7.34262122366463e-13,9.76060287431912e-10
"MYT1",35.5471652392506,4.8321487375484,1.05553778458681,4.57790219176279,0.000141443033958569,0.00600559476618681
"NEK2",862.888424696461,5.12193795926952,0.996223126697248,5.14135621028006,1.75509495474538e-05,0.0011847576528498
"NNAT",377.98476082487,-4.14325103994723,0.859177152418945,-4.82234778739429,0.000126876922732556,0.00555609884873417
"NOVA1",1038.04266173789,-4.24601848472714,0.731897025907391,-5.8013878106186,4.6020041401813e-06,0.000391759771164892
"NPR1",4449.77702968057,-4.64969316698357,0.65868687892172,-7.05903414167774,1.50493082051529e-08,3.42193546175325e-06
"NTRK2",12113.321874927,-3.92239657800296,0.536526785177286,-7.31071902907303,2.56306280072565e-08,5.0791187265841e-06
"PC",5775.14635900802,-3.44358937764074,0.667976606105886,-5.15525445975704,0.000126998382341878,0.00555609884873417
"PCDH9",568.61622930695,-4.85808471142692,0.753893026125021,-6.44399741485509,1.54765607408702e-07,2.32565605359111e-05
"PCK1",5939.33412227226,-9.02033831818962,1.19530847089204,-7.54645226554602,9.74137907688364e-12,7.01419882615109e-09
"PDE2A",2744.84041536621,-4.13845222578208,0.595180262264286,-6.95327531534376,6.70647989811415e-08,1.14747207048822e-05
"PDE3B",6275.0012826578,-5.91199962716677,1.03961425831791,-5.68672426322083,1.15155998334036e-06,0.000124375675450655
"PDK4",15412.7140345233,-3.2928204434767,0.551620961057492,-5.96935337113398,1.6156993814137e-05,0.00109924807126812
"ENPP2",7896.81225152121,-3.62036708623063,0.517560232551057,-6.99506426215519,2.0643940799521e-07,2.9241634504633e-05
"PFKFB1",723.157904650991,-6.31519949570002,1.02595808110783,-6.15541669000827,1.10517221471243e-07,1.78490477032201e-05
"PLIN1",58744.3741693506,-7.99096483813158,1.1571451919644,-6.90575814826304,7.63148892232669e-10,2.48829735974958e-07
"PLK1",1125.3688947394,4.79163281656825,0.845628525579948,5.66635664671087,3.66619945463488e-06,0.000321601993784494
"FXYD1",811.69117623317,-4.54868086559193,0.845553099561943,-5.37953307479858,1.3531172223251e-05,0.000974300779958337
"PPARG",5247.58362984949,-5.12279708540384,0.732714703266931,-6.9915303494839,9.1822185767005e-09,2.20385998922169e-06
"PPP1R1A",7368.84387548697,-5.98107782916645,0.912342860669048,-6.55573478678876,2.38529607943277e-08,4.79305831961369e-06
"PRELP",8721.0027205814,-3.43120357754982,0.656166544908786,-5.2291656808361,0.000105627695778368,0.00485466013496272
"PRKAR2B",19180.0417264491,-4.34904865669892,0.737108434017134,-5.90014773402773,2.76645304855832e-06,0.000259821060500741
"MAPK10",1159.25254714366,-3.67632129091486,0.60755237944482,-6.05103595228164,5.2870634316116e-06,0.000445556117257981
"MASP1",227.441310587002,-4.1257420455075,0.702104754891642,-5.87624854662071,4.2545078504741e-06,0.000367610750820215
"RELN",345.485885370583,-3.07242541923446,0.598248681634849,-5.13569943996929,0.00026595119833981,0.00971649610678702
"PTH1R",457.004741015093,-3.81682022680805,0.761798085342012,-5.01027805168935,0.00010882633380007,0.00493603116640161
"PTPRB",4969.20202051939,-2.57055325319835,0.437146057234713,-5.88030753258781,0.000163607900824493,0.00674775211013859
"PTPRN",107.099154181195,6.62954989547922,0.920207327849205,7.20440893572802,4.74685932475073e-10,1.70896824981286e-07
"PYGM",597.551206118831,-6.05479861545787,0.96025129023778,-6.30543137719562,7.04630183390314e-08,1.19379550972235e-05
"RAD51",388.19763418538,3.74405196202418,0.763316581806976,4.90497920687246,0.000162254125968329,0.00672401331141172
"RBP4",11267.6160787519,-7.98829439888246,1.06485023530953,-7.50180084860517,2.64207696372345e-11,1.52192440033683e-08
"RDH5",2461.25333711952,-5.75159171354184,0.896116683337311,-6.41835133804428,5.7137161545893e-08,1.0000300690769e-05
"RGS4",1289.8451780186,4.37742106128811,0.711860160872407,6.14927102525789,1.04510608814209e-06,0.000115772296853741
"ROBO2",62.6553996557672,-3.22915470105114,0.614341608704795,-5.2562851926294,0.000142521845848044,0.00603656867181383
"S100A7",571.406834054955,7.66326865376852,1.9238222601883,3.98335584962951,0.000269889121987734,0.009798222514853
"SAA1",7310.71303470797,-4.63858592114739,0.944224714236806,-4.91258685692913,5.82177787335247e-05,0.00320341159751792
"SAA2",3254.7811333726,-5.85794245153974,1.09464544582832,-5.35145190058047,4.54192922955984e-06,0.000388559797109027
"SCN3A",181.974736774683,-3.40299044367311,0.368825359339816,-9.2265630805982,3.62836768708509e-11,1.95943193751617e-08
"SCN4A",971.278875223052,-5.96249485817248,0.751653933016821,-7.93250004592079,2.02686175708956e-11,1.2077999318712e-08
"SCT",11.7115147710068,6.8758720083732,1.55551818528274,4.42030962635348,7.94314294697321e-05,0.00393310754345685
"CCL11",30.1256807248655,5.87857122868563,1.08416291693329,5.42222127031793,3.40017227897945e-06,0.000299787638535938
"CCL20",38.1669385614871,5.78630118239151,1.25813740016314,4.59910116465915,7.11444047877067e-05,0.00366998943025779
"SLC2A4",2379.3375643484,-7.31355152013022,0.973012431976937,-7.51640090072721,4.33002036685135e-11,2.13791662741595e-08
"SLC8A2",60.3963502160482,4.2358502413922,0.883057783097761,4.79679849095816,0.000123975703477046,0.00551992244648717
"SOD3",3561.38066100009,-4.42991781121331,0.506042719610879,-8.7540392135662,6.09585434142546e-12,4.7882935851897e-09
"SOX11",779.007962233468,5.49616897167916,1.12508060524931,4.88513351491046,3.21728378380072e-05,0.00198563860956644
"AURKA",1147.19763173535,3.78347731624005,0.76018379273984,4.97705601247261,0.000125330155170677,0.00555341131154992
"SYCP1",15.4991020434378,-6.90411699343291,1.5716997359493,-4.39277098259666,8.63937291505404e-05,0.00419373604901823
"TACC1",14514.2874686537,-2.82502834408979,0.470518147677211,-6.00407945588497,5.24945066961301e-05,0.00292869452164118
"TACR1",738.211094872579,-4.06399596125721,0.821203260221009,-4.94883076835749,9.53210481272136e-05,0.00445200819644967
"TDO2",82.9923174078766,4.96014553257441,0.975732772832969,5.08350818039348,2.4680446238208e-05,0.00159142832627788
"TFR2",115.28547188996,4.76783901726041,0.793205260365085,6.01085148510732,1.01636062929071e-06,0.000114050182043979
"TGFBR2",20446.1463939233,-2.85715956572687,0.437140200988655,-6.53602564867059,1.07636921281413e-05,0.000808312362954405
"TGFBR3",9738.91777337112,-4.00623073427676,0.634539923811537,-6.31359916679826,1.08103166552265e-06,0.000117837505792523
"THRSP",5949.74539819535,-5.4420153105122,0.961999163739299,-5.6569854898408,1.94211801072063e-06,0.000191781379104362
"TIMP4",6425.16880284052,-7.7260740882565,1.07469615083542,-7.18907765906724,1.94246919519967e-10,7.9923357529156e-08
"TLL2",34.8315207174981,3.65770790291176,0.766514237931971,4.77187209565752,0.000262892354520973,0.00964552606895315
"CLDN5",1651.40932319216,-3.44688169689254,0.685833872834701,-5.02582598121879,0.000180032045142148,0.00735492617518077
"CLEC3B",4653.37686450063,-5.16683528495629,0.782996363352786,-6.59879857274423,5.1414166538589e-08,9.25508554118079e-06
"TNNI3",51.9516908440539,7.89221445031679,1.43795335192543,5.48850520063745,8.2154440257138e-07,9.46473921389068e-05
"TNNT1",705.759059135233,7.73090649294866,1.17301016400943,6.59065601488387,4.785908277023e-09,1.25311031720052e-06
"TNNT3",303.582165900966,-5.2413922422574,1.18966976665525,-4.40575392362332,0.000181877723676274,0.00741280411049454
"TNS1",58547.3762257253,-3.74929467762203,0.681787431964979,-5.49921354052566,2.75955731990333e-05,0.0017532319869577
"TNXB",18001.1121141055,-5.37369296346517,0.782273316178827,-6.86932923867846,1.12880421381368e-08,2.6360629214749e-06
"TOP2A",5313.52181381856,4.40362223453896,0.879389203739658,5.00759187833133,5.43201792886227e-05,0.00299906395618751
"TPO",119.590423260023,-4.38425991498542,0.878659427756831,-4.98971475919651,5.86705786682304e-05,0.00320341159751792
"TSHR",90.2317795434518,-5.05677135087308,1.006847174383,-5.02238222396748,2.79864338469191e-05,0.00177155151395095
"TTK",1214.56366629849,5.41052335835842,1.01277763101329,5.34226190693526,6.65716525235156e-06,0.00053758164825181
"XPNPEP2",279.002194276705,-4.0847475561599,0.887492139759453,-4.60257322083667,0.000254668483370107,0.00952714697352949
"ZBTB16",797.466622797598,-5.79744194426207,1.06489332960265,-5.44415274572649,3.31730333948484e-06,0.000293981123126347
"SLC14A2",88.6739283430557,-4.91214031393191,0.785119601750139,-6.25655034338982,3.13257967556533e-07,4.13237476133164e-05
"CDC45",530.796185421039,4.77916446110358,1.08627552817775,4.3995877078449,0.000251685844601859,0.00947578013194929
"FZD4",19675.1644977309,-4.24922736000446,0.692327976401173,-6.13759302649099,1.34488137917851e-06,0.000139455835216989
"SRPX",4086.36802378026,-3.06365512363872,0.521998088209654,-5.86909261324392,3.85279761673473e-05,0.00229026785821391
"SDPR",4264.41453264075,-4.58746440317858,0.553648368027281,-8.28588083718967,4.59585957411294e-11,2.20614025834016e-08
"RAD54L",320.168622498639,4.36018180774917,0.85774263578657,5.08332176323588,4.47416298637446e-05,0.00260330001910899
"PDE8B",696.816155096766,-4.32349289798509,0.64592459905487,-6.69349472726586,1.33528025921854e-07,2.02755328713262e-05
"HSD17B6",155.515902218699,3.65761332167139,0.43259568503863,8.45503884613359,4.03838316997329e-10,1.48483616085762e-07
"AOC3",32124.0891195427,-5.25064802771697,0.772661371473007,-6.79553582147778,1.88492214860186e-08,4.02139995678872e-06
"AKR1C3",4282.9920876188,-3.1397004466328,0.474477378588256,-6.61717626238487,3.24758705644392e-06,0.000289286350115502
"SLC4A4",962.814312160039,-5.66047885638602,0.770630272721656,-7.34525888321874,7.35007003363436e-10,2.4426261586776e-07
"MYOM1",1122.55085079275,-5.10542203863476,0.695592602555486,-7.33967270479636,1.79506598270786e-09,5.11995758080056e-07
"WISP1",528.510705495486,3.64148679375073,0.68954333100589,5.28101227291781,6.38696045520506e-05,0.00337532304667886
"ALDH1A2",528.609996207033,-3.11422480783419,0.577059389146281,-5.39671456076898,0.000124254952357127,0.00551992244648717
"GYG2",16229.7439068974,-5.46889443504288,0.893277207455163,-6.12228140313026,2.82506136457822e-07,3.81405355009971e-05
"PRC1",2163.00431301221,3.35548796417596,0.673776173302934,4.98012262399685,0.000236188455141765,0.00909036234589051
"ANGPTL1",943.040794603902,-3.66743840501292,0.736712659087692,-4.9781123749855,0.000146886000338558,0.00620620286516046
"PKMYT1",729.955896047097,5.72966304730727,1.03190299608291,5.55252099185387,2.28700130429878e-06,0.000220791449941828
"CCNB2",912.058721943732,4.57843737938932,0.855821174187348,5.34975940941963,1.44929656795028e-05,0.00102225689758158
"CCNE2",608.937438741978,3.70809347209194,0.743462085412091,4.98760265634338,0.000134978447969029,0.00581686423778749
"SYNGR3",98.1091890166674,4.36989942106575,0.725847769171766,6.02040759325066,1.71935890818301e-06,0.000171747059493125
"EXO1",696.540255002303,5.05652467319447,1.07857658735418,4.6881461478767,8.46281135662917e-05,0.00411960121278616
"SLC16A7",1205.67226949194,-4.95046484403047,0.977212032112355,-5.06590656004253,2.64328896709546e-05,0.00168556002363014
"AURKB",551.316550654997,5.35583125858141,1.02444169796919,5.22804886720111,1.05981491003512e-05,0.000799766875996373
"DLGAP2",34.8904417074478,-4.43290287977489,0.874947656475537,-5.06647780237678,4.3626674528813e-05,0.00255563580519463
"PTTG1",875.621673993093,4.48780270302097,0.871600866201866,5.14891950782157,3.14572362812488e-05,0.00195544064811605
"GPR37L1",57.4341906221157,5.40068536733826,1.0302408609566,5.24215799626079,9.70789933193483e-06,0.000745609814911848
"TRIP13",1341.66058942058,4.23458240450606,0.794172458632584,5.3320690719963,2.32160301831601e-05,0.00150825645712477
"GLP2R",27.2796121823226,-7.71526878943439,1.4824942884345,-5.20424857594672,2.95530539822991e-06,0.000271652300993676
"ADIPOQ",136397.929705801,-7.66862385723091,1.47046139558057,-5.21511403174454,2.88129014400817e-06,0.00026769663966992
"FHL5",342.806687742475,-3.6741473234929,0.519303086260989,-7.0751501785729,1.30596141493974e-07,2.01502850103336e-05
"ONECUT2",203.686456198779,4.85136609915774,1.00494626027663,4.82748808659911,6.34499110998669e-05,0.00336342918318037
"KIF23",1371.73213645486,4.21411103842184,0.806664538265288,5.22411837699496,3.38189635232392e-05,0.0020724308817202
"KIAA0101",565.935405815772,4.29970826443091,0.933964691361825,4.60371607641982,0.000205434033658354,0.00816116215091958
"DLGAP5",1043.59502883726,5.43354837614658,1.13608669191201,4.78268816528606,4.76147453750265e-05,0.00271561193011826
"MELK",1346.27162641355,5.51874899974448,0.984235249674303,5.6071442285477,2.20431269939146e-06,0.000214004088529123
"GINS1",776.775942223488,3.43882064002746,0.644792668271495,5.33321920245458,7.7682640142285e-05,0.00389111218637341
"KIF14",507.337154833664,4.95955297246309,1.01428444747303,4.88970622079361,4.73511834324201e-05,0.00270952251952202
"NAALAD2",439.984872743271,-4.5601390913377,0.705671487491134,-6.46212745189736,2.26716259327121e-07,3.18527128246502e-05
"TROAP",465.135483397121,5.00496555642507,0.970173735596411,5.15883431264843,1.82896623402906e-05,0.00122505292597892
"SGK2",520.860578045786,-4.05094163874845,0.881397484508969,-4.59604402093938,0.000268609899195894,0.00977231088000893
"KIF20A",1026.1792801109,4.76171433669601,0.913575801389707,5.21217213662251,1.91443709574988e-05,0.00127243797890975
"FAM13A",7126.78542640036,-4.0801669280789,0.697535546189311,-5.84940359006671,5.03220663141106e-06,0.000426282170575562
"ODZ1",179.249553982443,-4.1279274861324,0.690480908223434,-5.97833689095519,2.94819450763275e-06,0.000271652300993676
"ANGPTL7",108.865801747421,-4.85451798801875,1.03071898585843,-4.70983658458146,9.21487137987375e-05,0.00436279978946845
"GLYAT",941.518621325034,-8.61358627146779,1.33091634606037,-6.47192161773709,5.30894271240649e-09,1.31679029830394e-06
"NMUR1",285.209489760405,-5.0462891664805,0.796102896698249,-6.33873986316272,1.86131189476596e-07,2.749173577218e-05
"TRDN",121.564169413205,-6.28522502891535,1.12263654583392,-5.59862856081044,1.25164665126023e-06,0.000132697581475019
"ABCA10",599.033729609813,-4.72743567615929,0.621770548111871,-7.60318366721468,1.01822057546423e-09,3.14211960082096e-07
"ABCA9",2827.57505228602,-4.94633268990117,0.798831421188545,-6.19196060483167,3.90348501277646e-07,4.92380470845182e-05
"ABCA8",5454.48669209982,-5.23732281697059,0.852811546400687,-6.1412428561443,3.37101827734292e-07,4.34735573513157e-05
"NDC80",575.402889054287,4.39698633818944,0.898788025225909,4.8921283047627,7.85667881155236e-05,0.00391917938097008
"SORBS1",29972.6404104702,-4.72754996152879,0.681839912415329,-6.93351896163142,2.28988364553495e-08,4.71089039029637e-06
"POSTN",49795.8448316785,3.08582421021958,0.508680281765622,6.06633345312449,2.06162992342893e-05,0.00135463979873671
"DLL3",41.5135425517957,6.3897628789464,1.49615078708405,4.27080140190939,0.000158026732221564,0.00658038544462853
"POLQ",339.959232755811,4.03937805428484,0.830371688512334,4.86454212031441,0.000125979319141558,0.00555369544409506
"CHL1",2994.13452232077,-4.5925081151991,0.78791725856136,-5.82866800453699,2.56378816569177e-06,0.00024343309500725
"ALDH1L1",3170.19778416206,-6.67579532642952,1.00240223498901,-6.6597969292264,7.47252151662684e-09,1.8187696384342e-06
"PROKR1",17.477229916386,-6.4730221975278,1.34598909592916,-4.80911934361501,2.39100244623215e-05,0.00154752484169804
"LYVE1",4890.22977400022,-6.33733509316189,0.796208905035575,-7.95938735811895,1.01787741359684e-11,7.03597583374679e-09
"UTS2",18.4941070352502,6.95188724677724,1.35755007776386,5.12090666904039,5.82070049583915e-06,0.000476718129235053
"LILRB5",832.311764901917,-4.62844992226985,0.91044723450443,-5.08371023257508,3.36908325854357e-05,0.00207192625590361
"KIF2C",1085.76845494352,4.75850163230042,1.05879799656534,4.49424880641692,0.000192802275770111,0.00776647115986781
"UBE2C",2664.10452900735,6.49501894107316,1.09218806727514,5.94679536948003,2.43710340152614e-07,3.39641805498172e-05
"ESM1",1119.48550228721,4.43428426306264,0.960500335993145,4.61663999157028,0.000174776605298228,0.0071571434032196
"ADAMTS5",3809.19365464278,-3.10407906149933,0.396850983178376,-7.82177490563029,5.72900739763981e-08,1.0000300690769e-05
"FAM107A",2431.42768510289,-4.36318180079871,0.546092780833543,-7.9898177634556,3.66891394741915e-10,1.37831525924675e-07
"IRAK3",1554.65473503185,-3.13317169849302,0.596447031939319,-5.25305941804365,0.000174136225687024,0.00714785775795122
"OIP5",154.437609179053,3.58766785496306,0.744279239164105,4.82032504224133,0.000253772108599932,0.00952714697352949
"NLGN1",97.1759540939299,-3.53081585037476,0.722009633998633,-4.89026140942247,0.000228099517757898,0.00879977795465133
"MMRN1",1697.20461527082,-4.29225750763819,0.756325884429979,-5.67514294565383,6.7155364380214e-06,0.00053977295435092
"TPX2",3934.23278403185,4.90131001422404,0.8055914715042,6.08411358311963,6.40144248458961e-07,7.57694024494473e-05
"MAST1",112.96401173616,5.4503413507604,0.939473208575939,5.80148672788878,1.08420597309248e-06,0.000117837505792523
"SIK2",8542.07175752407,-3.49350128905073,0.637822072712261,-5.47723485672899,4.62629212120899e-05,0.00267381117547199
"NCAPH",794.231895959002,4.4872919453644,0.842340178401857,5.32717310704326,1.73650034463525e-05,0.00117680244924085
"ABCA5",1530.97386500956,-1.88520955597333,0.211755888883387,-8.90274913209857,1.45542994652907e-05,0.00102240995552719
"PRAME",1126.82552701136,8.70248061774413,2.11488656961356,4.11486873233786,0.000137488900952354,0.0059103126799941
"MAPK8IP2",1638.01868621219,4.45281150895076,0.639062214844197,6.96772771964989,3.27796390263414e-08,6.15722763058919e-06
"ORC6L",398.060958596958,4.25423712638124,0.882957772233395,4.81816600993315,0.00011407953059578,0.00516075489064314
"BHMT2",1123.19938010038,-3.94558984382598,0.745063576362685,-5.2956418337988,3.85122552890519e-05,0.00229026785821391
"KIF4A",1003.2197079822,5.09100470216742,1.04958133212598,4.8505099570086,4.85487155331381e-05,0.00275977089844789
"SLC24A2",32.5804121276019,5.64416491178028,1.27859196654737,4.4143597484203,0.000140582239908143,0.00598374799963698
"DGCR9",43.5994989642715,3.90063884342896,0.825707256919345,4.72399728928382,0.000221611660788495,0.00862538538307652
"QPCT",1670.28555614177,3.87064430343337,0.814334990671104,4.75313519347059,0.00021163116196199,0.00834976737412136
"PAMR1",1639.92918829283,-3.50533645889521,0.554773195562358,-6.31850364605656,3.15145039853512e-06,0.000283387802299812
"CCDC69",6527.49295539499,-4.15801116970563,0.699168866573952,-5.94707712041098,3.13894667297607e-06,0.000283387802299812
"PCOLCE2",5675.24529667539,-5.16792797508801,0.9925242695291,-5.20685300475315,1.3386088070875e-05,0.00096788697888197
"PCSK1N",210.929786907261,5.27084403522232,1.14137383922826,4.61798216681241,9.13567088946967e-05,0.00434913302041117
"CDH20",63.8284445148718,-7.47228771475667,1.28759744622737,-5.80327938413538,2.49598717884927e-07,3.42326622521383e-05
"UBE2T",989.38862221512,4.29639590987746,0.865877836619562,4.96189615691152,7.03321829951751e-05,0.00363895345610665
"TRHDE",313.602676329245,-6.44656349097799,1.14368132175125,-5.63667812735346,9.56990398416185e-07,0.000108800993914672
"DMGDH",436.404170002009,-4.29396363816784,0.790422634493106,-5.43249073443037,1.54084214753855e-05,0.00106936920287605
"KCNIP2",9244.49758724763,-7.24059674405949,1.0540774042807,-6.8691319201558,1.60545872515437e-09,4.70236139481232e-07
"CD209",1154.27644529158,-4.16794789559371,0.801179624905619,-5.20226396931238,3.84109839772605e-05,0.00229026785821391
"G0S2",8479.85930157702,-6.47284681508998,0.881497095319912,-7.34301547839004,2.67324481781644e-10,1.04991690219741e-07
"PDE11A",596.545305380466,-4.1197258260383,0.722750836793623,-5.70006372364071,7.92753331694763e-06,0.000622707742046236
"MLXIPL",1748.25722069841,-6.18685668951214,0.798925822792101,-7.74396885544417,4.22711655051217e-11,2.13791662741595e-08
"NUSAP1",1365.7349455914,3.9300737688572,0.773998682531107,5.077623331354,7.66594703172938e-05,0.00386225162260395
"CRIM1",14596.6431712514,-2.49336573978904,0.428710265813784,-5.81596928885315,0.000247551786399942,0.00939026000810027
"KLRF1",38.641566550608,-3.37534422399405,0.635024070663327,-5.31530123018529,9.18061696036058e-05,0.00435852312340635
"ANGPT4",45.7069437086586,-5.36606243291089,0.991363465281105,-5.41281035749015,5.3112991236123e-06,0.000445556117257981
"GTSE1",461.9442415968,3.98203480808125,0.846753751576295,4.70270701566824,0.000214375424472174,0.0084005027444527
"CES4",106.554601283627,-4.30596665536514,0.889477572337583,-4.84100643937417,0.000100901797262662,0.00467475592090098
"SLCO1C1",73.175095159671,-4.46438745070298,0.98559793824272,-4.52962336615963,0.000219882769623261,0.00857741341277556
"SNTG2",46.0011481165136,-4.76684353657682,0.999118400388135,-4.77104969213359,8.15729886069829e-05,0.00400472390942407
"ANLN",2318.91697967984,4.78031937720421,0.811117233105291,5.89349995549124,1.57619587573769e-06,0.000160224946638959
"FAM64A",249.35383073387,4.6374589172137,1.03705071502251,4.47177640402385,0.000226193517407548,0.0087677900430578
"GIPC2",315.161021887272,-3.50177883883822,0.691740983345154,-5.06226885951465,0.000149225395384548,0.00627436510374786
"ERCC6L",296.158181651864,3.70945718795623,0.750551820038663,4.94230656554153,0.000153126111664706,0.00639172061757918
"ACSM5",940.007829577448,-6.26846586336542,0.826688853586891,-7.58261809889827,9.26991802944982e-11,4.21561719649796e-08
"PID1",1249.94253993219,-3.16589033727173,0.594288534291615,-5.32719403891147,0.000133951008957244,0.00579437350291804
"CDCA8",972.715152891951,4.15089354312789,0.821596585895922,5.05222832517188,6.27603714329001e-05,0.00333711378071368
"CEP55",1015.91166485952,4.72019812508103,0.936022119455806,5.04282754324792,3.5267574465554e-05,0.00213097536482251
"NEIL3",134.205393208655,4.41254200227057,0.965755246111383,4.56900650556928,0.000205021674079853,0.00816116215091958
"TMEM100",742.03677849314,-3.81582569354856,0.720847058651198,-5.2935302263541,4.68652398236897e-05,0.00269959403131061
"NIPSNAP3B",637.793761698745,-4.05217091895848,0.812961376830757,-4.98445686897874,8.68836655404308e-05,0.0042057048297036
"HJURP",545.340787428203,4.73444248644176,0.913413823574136,5.18323936451515,2.17138640358319e-05,0.00141598975246495
"MCM10",897.726490733842,4.78344973805056,0.983573473917653,4.86333747797985,5.98772369012428e-05,0.00324369445420181
"STAB2",63.0361713810547,-4.19510727258634,0.768274408239883,-5.46042823708958,1.5995501282422e-05,0.00109256228324717
"DEPDC1",525.732594668935,4.48222005248196,0.954193552866919,4.6973908375454,0.000131438806541156,0.00572139550588844
"ST6GALNAC1",132.224438195096,-4.09381081397096,0.538870949244012,-7.59701524031721,4.69808551602111e-09,1.24904024311324e-06
"BEX1",571.373082607246,4.71882839871814,0.992795880982589,4.75307008128179,8.990920162142e-05,0.00430393604770016
"LMO3",1186.61215922976,-4.68682581495326,0.868181869143411,-5.39843779458042,1.08517139173324e-05,0.000808312362954405
"LOC55908",101.853483560511,-6.26863146965089,1.08161512675063,-5.79562111754393,5.54964587062628e-07,6.70653358673376e-05
"SLC7A10",1540.28836749443,-7.78813381702995,1.44648097850312,-5.38419373138901,1.34767226903751e-06,0.000139455835216989
"CYP26B1",1099.75100903298,-3.47181080642181,0.635227975604533,-5.46545640266829,4.98710457583936e-05,0.00282564439918295
"SEMA3G",7849.34909328262,-4.76158320146896,0.754265920610156,-6.31287066187098,3.06496151928366e-07,4.07427692421084e-05
"PLSCR4",3659.0397156792,-2.8906159414483,0.51478344253255,-5.6152076827248,0.000120027246168852,0.00538186926148459
"ZNF695",202.050972013713,5.29162814675288,0.909488487495268,5.81824643138258,1.18662584057683e-06,0.000127366963670859
"SALL4",114.133954459382,3.94715200879278,0.840792848919878,4.69455944334384,0.000228129189496198,0.00879977795465133
"KIAA1199",890.68376793482,5.86991323964673,0.783473209009614,7.49216842662286,2.55318085849753e-10,1.02608182362083e-07
"HHATL",31.7821878495331,-7.93771180423525,1.68704737588739,-4.70509122487446,1.96420649432902e-05,0.00130051541871647
"GPAM",33944.3562521231,-5.66884537410545,0.86847121813401,-6.5273842768048,3.80930102322071e-08,6.929319050766e-06
"PAPPA2",218.154168545495,-5.84112959196799,0.979397244076583,-5.96400452144957,3.84711293037685e-07,4.88837930513547e-05
"CIDEC",15580.9293209575,-8.86300747275159,1.14081699925936,-7.76900018013898,2.74226268281051e-12,2.61967086140567e-09
"ANO3",369.064260395201,-6.57970786366352,1.00771687766582,-6.52932188543289,1.53866399351342e-08,3.45320161972798e-06
"TNMD",402.84543168172,-5.70622999357025,0.966513002211272,-5.90393505365685,5.60007834516923e-07,6.71898920980335e-05
"NCAPG",996.208528107722,4.02431461114516,0.870405243463339,4.62349536766624,0.000255806735473508,0.00952714697352949
"ROBO3",296.851931823716,-2.05736444608243,0.299084790501487,-6.87886683449454,0.00020363048933158,0.00812687872087537
"SOX17",611.930270129257,-2.98921002467943,0.543753007851174,-5.49736733685818,0.000126948338188251,0.00555609884873417
"HIF3A",592.355616639542,-5.08519452654664,0.846776806753904,-6.00535405078062,7.02108360202252e-07,8.19806390044264e-05
"EBF2",304.128913202178,-3.47615171189459,0.662900621596383,-5.2438504334532,9.37350885022708e-05,0.0044017284358906
"MOSC1",5757.53204345899,-4.00900023176714,0.764473232307832,-5.24413421208295,4.14179349952188e-05,0.00243624410907238
"C1orf135",242.161872159263,3.30884863026487,0.654121117450406,5.05846477356044,0.00020801880258418,0.00822602500562292
"MMP28",798.23773767236,-3.3596018063409,0.649548769863894,-5.17220871197227,0.000140247253268412,0.00598374799963698
"KREMEN2",144.05743383769,6.25534010676484,1.04489474192557,5.98657439431389,2.45830622573847e-07,3.39855919095892e-05
"LRRC2",155.43297310009,-3.92084578145867,0.771884779711534,-5.07957390081452,7.7150430215824e-05,0.00387568774581295
"C14orf139",2097.48116298533,-4.71133212712473,0.684415632939152,-6.88372956487333,2.93643850486413e-08,5.61744759130682e-06
"E2F8",169.946625617653,4.60463256971094,0.938227375399671,4.9078002736271,6.10288869318024e-05,0.00327528010890832
"SHCBP1",457.185524853632,3.68432148509752,0.679035668065858,5.42581436935679,3.8566515059328e-05,0.00229026785821391
"HHIPL2",72.4348685663114,4.53274542583651,1.0173140413716,4.45560096636943,0.000257728804094974,0.00955753532953916
"C7orf58",4035.2311647403,-4.31469141342609,0.745744531365052,-5.7857499880398,4.39851605735796e-06,0.000378162965110462
"FRMD1",205.549084312898,-7.16844505162958,1.10099144275739,-6.51089987918206,1.05563838254829e-08,2.49897080668725e-06
"SVEP1",13960.6182665773,-4.16642646495622,0.81760888183143,-5.09586742211446,5.37986775495562e-05,0.00297979149594192
"PREX2",859.881303447718,-3.5626938637759,0.740741953277669,-4.80962884309648,0.000270458356599914,0.00979830369057257
"ULBP1",143.966093481223,4.4181328262896,0.959186121899276,4.60612672078835,0.000182926306592734,0.00743799883348008
"SLC19A3",9691.6697862441,-7.01663093323846,1.1049289873785,-6.35030034815702,2.58643856223251e-08,5.0791187265841e-06
"ITIH5",13892.67492691,-4.92917827508268,0.6200726848262,-7.94935560895459,1.17413800191039e-10,4.9488484904911e-08
"C12orf39",542.212457025271,-11.0451784248928,1.64357573844704,-6.72021262331911,4.92736410243291e-10,1.7377505929417e-07
"FAM83D",820.935255884436,5.02834152568266,0.825985301308839,6.08768887014678,5.3852028049313e-07,6.60011983489488e-05
"CDT1",464.890294316416,3.73665896525617,0.784866878784465,4.760882470978,0.000244436495175395,0.00930420060159913
"CABLES2",1033.36702127502,2.46327638922571,0.387848058158468,6.35113761023204,8.07101434863792e-05,0.00397365239198894
"KIF18A",357.764069314148,3.8026503090392,0.754518533584832,5.03983684929809,0.000101807718963825,0.00470411548506382
"CDCA3",687.291253864388,4.92713646186938,0.934692460229121,5.27139853108646,1.32560914527069e-05,0.000962514774765664
"NUF2",1156.22081496461,5.81466547601349,1.02429849282649,5.6767295048617,1.29794833341577e-06,0.000136767348474134
"SLC25A18",173.164328485935,-3.38207291578529,0.635907474097313,-5.31849845071602,8.98588341209539e-05,0.00430393604770016
"FGFBP2",523.88371882475,-5.37653625889384,0.929447078374595,-5.78466099252929,1.24619080790638e-06,0.000132697581475019
"ZNF469",1058.496829767,2.27858054745313,0.306359391135758,7.43760633224204,1.50000127978257e-05,0.00104945433667703
"CBX2",1239.9254181864,3.55485299726798,0.736677731597821,4.82551982338012,0.00026210162761902,0.00963697495081764
"AIFM2",3299.44309125529,-3.25122161478717,0.644356801155244,-5.04568526157895,0.000238143367687328,0.00912495684479979
"ATOH8",705.954015961973,-4.67536949801901,0.488328685049698,-9.57422662472345,2.60740932501448e-14,7.50977342426253e-11
"LGALS12",3922.71996114919,-8.15193367434535,1.28803995072815,-6.32894474254227,1.40754914696809e-08,3.24318090783408e-06
"LOC90586",36.3301517837917,-4.65905746235151,0.977620533386776,-4.76571154475562,9.09869212359061e-05,0.00434349443612623
"PKDCC",1559.06157174434,-3.42877656721226,0.699226635765199,-4.903669842983,0.000256841214554175,0.00954510328754987
"PLXNA4",4812.49480674641,-4.16378385786197,0.893597388037701,-4.65957478569341,0.000199686630487551,0.0079879274570726
"CHRDL1",15113.8879146661,-5.239662222166,0.833208030486981,-6.28854023298792,1.80586885242499e-07,2.6902775550652e-05
"TMEM132C",3057.50762254388,-6.9054858352204,1.07645470572358,-6.4150268455361,2.05509721781729e-08,4.33099207574397e-06
"PKHD1L1",107.443851788913,-4.5049962378751,0.715942245912395,-6.2924017455262,4.89928943719101e-07,6.04747291172127e-05
"MYOCD",100.871950429961,-4.52839406018482,0.650837170044568,-6.95779876843039,2.95809114523998e-08,5.61744759130682e-06
"FAM54A",287.528234476117,4.7211436978796,0.967573397819541,4.87936492313539,6.00689111703595e-05,0.00324390891854682
"RPLP0P2",155.500127358575,3.71470696813849,0.570616415692497,6.50998966377499,9.80031639004806e-07,0.000110692331723151
"C1QTNF1",4758.21078461517,-3.14882618494655,0.59453988840983,-5.29624041436223,0.000150598994414805,0.00631675054000544
"GPR146",1656.11078940925,-4.35746832587257,0.651322749565528,-6.69018290667609,1.26919877116098e-07,1.97594810490386e-05
"SLC22A12",31.8006418973712,-8.51839475767383,1.66504797802067,-5.11600558669793,3.16496995798066e-06,0.000283387802299812
"RBP7",2055.21324027919,-3.53279596910742,0.65333216078048,-5.40735047374232,5.29336747816665e-05,0.00294130814759479
"LYPD1",369.747099006147,4.10261015777838,0.872685642851567,4.70113172066494,0.000188816935742391,0.00765949640038557
"MRGPRX2",14.54621967005,-6.2072306548962,1.34142734783526,-4.62733271758114,5.18694352068637e-05,0.00291972543911991
"HRASLS5",3023.96626073891,-5.41335505829277,0.883143417878321,-6.12964434621265,2.90654803408224e-07,3.89364779666474e-05
"GALNTL2",3307.47007410483,-3.62608708047644,0.726964930910498,-4.98798074885798,0.000151688989425027,0.0063470639860869
"TMC2",51.3569197472661,-4.96823173049963,0.804008209044537,-6.1793296070991,3.99603101529965e-07,5.00401536053574e-05
"TWIST2",254.02816697368,-3.12193112885497,0.583822945755975,-5.34739367739731,0.000139235493050958,0.00595576375102378
"KLHL33",11.1394894535964,-4.90567905384504,1.12696303398081,-4.35300795671759,0.000264538704586831,0.00968536727534963
"CCDC78",92.6208975390637,3.82546212046117,0.711576100134964,5.3760407632235,3.58294323776417e-05,0.0021573812575541
"PAQR4",2549.84740572086,3.34006757145707,0.588482834109069,5.67572642371761,3.49770968947247e-05,0.00212083933837803
"HSPB6",17235.1777135703,-5.43622284075075,0.823097166948113,-6.60459428004985,3.52934177211784e-08,6.48835693233707e-06
"IQGAP3",1549.52771468026,4.86831275261504,1.00650996010127,4.83682521345863,6.06999456054095e-05,0.00326777495329309
"ACVR1C",6948.77791672572,-7.20719808116359,1.08277323212598,-6.65623961446903,4.94266746600441e-09,1.26688017794981e-06
"LRRC15",3868.02454216602,3.76801941401423,0.634277648857702,5.94064668808718,6.38381692233836e-06,0.000517928357910466
"COL6A6",920.065194866456,-4.88268451607125,0.804551030753546,-6.06883134746358,6.96854914915709e-07,8.19207468344107e-05
"WBSCR28",13.1415538670173,7.04203817829893,1.58388142702267,4.4460639907473,6.83645358517996e-05,0.00358002286077257
"ADHFE1",953.145354698801,-4.06825785483951,0.69845147505656,-5.82468217210088,5.59131050140263e-06,0.000462313094615975
"PNCK",99.3758555090555,4.57550573366334,0.762997981692629,5.99674683740719,1.39211521049503e-06,0.000143188023017263
"DOCK11",4703.14725836779,-3.49964418324286,0.709289033068031,-4.93401705099703,0.000212418288101888,0.00836173220202445
"TMEM37",3383.8459734587,-4.40338073425791,0.759310235399947,-5.79918527232619,3.69386433757504e-06,0.000322392270796133
"ADAMTS14",154.320791653432,4.21902460607953,0.481147967232492,8.76866347445438,1.11356203638881e-11,7.4013329041673e-09
"E2F7",131.680970495004,3.93596466662575,0.639357701250428,6.15612302616823,2.19453076055969e-06,0.000214004088529123
"A2ML1",586.618175760574,6.62449612676145,1.43771117110921,4.60766825763102,4.58019330400503e-05,0.00265605102303728
"GCOM1",2883.39715773003,-4.49396194651137,0.599068190335826,-7.50158666243345,2.73297326973226e-09,7.37945485535049e-07
"LOC145820",76.569724947926,-3.91289629633403,0.720353009180023,-5.43191497289374,2.63063684093732e-05,0.001683705009194
"CD300LG",3567.45785280873,-7.2000547070556,1.05556517166667,-6.82104231962026,2.13110023667175e-09,5.93992632095555e-07
"KIF18B",348.598178780117,4.89622537493075,1.0339130004449,4.73562608539003,8.21457408496165e-05,0.00402141798193264
"EME1",173.069835938765,3.51026971183515,0.671993424016436,5.22366675979451,9.3650097935067e-05,0.0044017284358906
"NOTUM",14.5063334060697,5.14805665695579,0.99577849159939,5.16988135452407,1.55242159062874e-05,0.00107309590030621
"CILP2",611.48707060857,4.23159578872484,0.703431999676525,6.01564300553679,2.17371451257075e-06,0.00021343159370304
"ENTHD1",28.7752994869762,5.41581266481958,1.19879693828936,4.51770645372831,0.000115053542748383,0.00519122786484283
"SMYD1",481.185389203578,-5.11482503847274,1.13197533611342,-4.51849512555126,0.000138978193562991,0.00595576375102378
"GPBAR1",183.307036880499,-4.53083391804034,0.78161290700548,-5.79677469170628,3.13063768650275e-06,0.000283387802299812
"SGOL1",178.67133804951,4.71662409752993,0.87504037941851,5.39017879456519,1.08145500639305e-05,0.000808312362954405
"SHISA3",75.1661030885326,-3.94857772755018,0.776896659906588,-5.08250058382919,7.3724258341382e-05,0.0037581973699039
"KLB",2421.84907538493,-6.89300254656726,1.00748648515213,-6.8417816498317,2.46953115388284e-09,6.77396315400784e-07
"BTNL9",4908.12673260865,-6.23419716109992,0.729829906492269,-8.54198643498032,3.70078865071752e-13,5.808300568904e-10
"GIMAP8",1796.5824951263,-2.91712675340126,0.544775914219567,-5.35472783810618,0.000216497990634726,0.00846448365646766
"PEBP4",27.3445319589245,-4.13519445388082,0.744685917663035,-5.55293762887022,1.27634729584229e-05,0.000930656439639265
"CDCA2",696.626225758848,5.41392886553717,0.931112499508578,5.8144734050875,1.06601624211506e-06,0.000117336475668728
"C14orf49",706.492536639706,-4.18616787667669,0.751556454750791,-5.56999790263897,1.12046114926658e-05,0.00082991245623877
"LGI4",478.301997515704,-3.42855058412682,0.675257135881816,-5.07740000355492,0.00016127456061125,0.00669948481231493
"ZNF676",76.2961429563809,-3.56483597569484,0.552178769029476,-6.45594538515215,1.70089555997467e-06,0.000170890559139083
"XIRP1",48.0048506269497,3.95100315244526,0.63521327595955,6.21996312415998,1.69471877087006e-06,0.000170890559139083
"COL22A1",870.714078846153,7.05722826944558,1.22911336617041,5.74172282531922,4.15133403038211e-07,5.16109376827578e-05
"C10orf128",138.466634458515,-3.30353679195712,0.593901379646325,-5.56243326783382,5.25184375855801e-05,0.00292869452164118
"LCTL",96.6476002502927,6.41325495618261,1.43228107603352,4.47765111436305,7.86965595276094e-05,0.00391917938097008
"ALG1L",90.0328762712346,4.19259910841109,0.643064371868249,6.51971916315412,3.44098978393184e-07,4.40472181156489e-05
"CXorf61",246.443278745242,11.5313725783705,3.02631989603307,3.81036142064358,0.000268080282360003,0.00977231088000893
"AQPEP",1292.40875668257,-8.24474236096355,1.0393089688831,-7.93290792999102,1.57650157115842e-12,1.81623491007924e-09
"PLAC9",1049.03146449894,-4.07821627081897,0.782092542875656,-5.21449323097224,4.14475879906997e-05,0.00243624410907238
"SKA1",337.033093293386,4.59642387202192,0.911841388181459,5.04081513692733,4.00449906759355e-05,0.00236992288996863
"HEPACAM",637.771841371337,-9.16453643756564,1.16054020382019,-7.89678496910181,9.95468365227806e-13,1.22876348710727e-09
"LRRN4CL",1212.75431941961,-4.27280173891734,0.764425421942216,-5.5895599704955,9.28656732649146e-06,0.000716433794504906
"SKA3",650.741679826701,5.12379202314367,0.983197653998517,5.21135501321222,1.36880935987285e-05,0.000977454320163747
"C7orf41",12247.8467911678,-3.9177317909903,0.663955342740292,-5.90059532440984,5.55216858976873e-06,0.000462313094615975
"NKAPL",74.7934304969355,-2.99183643290694,0.572066576509041,-5.22987455614731,0.000249003342468292,0.00939769926031461
"EBF3",1234.81715847265,-3.88064940352716,0.691878171727362,-5.60886231435605,1.5668849768607e-05,0.00107449759067975
"ANGPTL5",74.9640133689252,-6.333246851868,1.13838253895101,-5.56337315021007,1.40031108673789e-06,0.000143188023017263
"CNIH2",175.468420589211,5.02747934735233,0.901183360301119,5.57875296950941,3.92746532955927e-06,0.000341057931457858
"MAMDC2",1594.10485145119,-3.60022558159691,0.603470885481304,-5.96586458139652,8.20773648521089e-06,0.00063890943333752
"ASPM",1365.88167007655,4.86922780943971,1.0203442167781,4.77214231175344,7.4699520334564e-05,0.00379671297324
"P4HA3",352.83038154661,3.34834789740759,0.639485082195216,5.23600626603114,0.000120213039461435,0.00538186926148459
"LOC283392",1201.11081204521,-8.99908329896077,1.39849783464068,-6.4348210458781,5.33391128298569e-09,1.31679029830394e-06
"TMEM145",57.285103932839,5.08676199453465,0.806899630421633,6.30408269226327,2.04445617550231e-07,2.91985513792193e-05
"SEC14L4",39.6429999130534,5.68216100170243,1.21995345501246,4.65768671612507,6.20460373883105e-05,0.00331955904677211
"CCDC141",69.6273217013209,-3.98191749375744,0.652944865994673,-6.09839773790324,2.47524673421116e-06,0.000236324523833718
"IGSF10",1983.53310364598,-3.42293957940345,0.575220695955249,-5.95065442441895,1.26452638082106e-05,0.000925944084193592
"SCARA5",3133.71284520062,-6.23680419480845,1.26628749784794,-4.92526713357586,1.77102170302722e-05,0.0011908570447476
"TUSC5",10954.1613489752,-7.83488861202446,1.32444055052848,-5.91562120995025,1.23102126287628e-07,1.93393440397864e-05
"TRIM59",533.466834412887,2.80511138638346,0.483037499441458,5.80723316435483,9.3114269515144e-05,0.00439646910243498
"GPIHBP1",1022.84742097776,-3.86968195986523,0.775130424432117,-4.99229786097001,0.000106872383219836,0.00487059337538831
"GPR109A",1586.85171010638,-3.78078511477939,0.800916217631498,-4.72057505085873,0.000258294547043792,0.00955800442711729
"GPR120",86.4188679537194,-4.73879550760217,0.980798437658119,-4.8315691845076,6.89281932297659e-05,0.00359863476496551
"VSX2",12.3141446287328,-5.96477379916675,1.43020469513327,-4.17057349864938,0.000259460839408693,0.00956107185521617
"C11orf53",44.4453318865253,-3.85765930514489,0.693674215747263,-5.56119748661727,1.8976653458956e-05,0.00126616041862633
"GLDN",1244.78662260015,-5.21987137384594,0.832941852502429,-6.26678964223463,2.02890482267248e-07,2.91985513792193e-05
"HSD17B13",503.417901109932,-7.11263319452383,0.879517649870807,-8.08697039288365,1.82664411898341e-12,1.97288981375952e-09
"PLCXD3",286.734959822545,-4.0776882255935,0.830964634396021,-4.90717421272366,0.000106216814721262,0.00485590681269345
"BMP8A",517.322272899784,3.36837604464297,0.617501731579421,5.45484469497352,6.26759630048722e-05,0.00333711378071368
"PTCHD3",100.409826945295,-9.60029598743223,1.61986205621864,-5.92661328819746,5.50605037643751e-08,9.80928418095017e-06
"C18orf34",117.799310698478,-3.63454295459708,0.655045999679626,-5.54853087626622,2.88627683995599e-05,0.0018203558420175
"FAM89A",1585.541455274,-3.35330019916327,0.674838534917108,-4.96904077888078,0.000244048743270051,0.00930420060159913
"CENPW",2017.14909178613,4.92550571499436,1.0596590712795,4.64819850883455,0.00010591580228675,0.00485498933505924
"SLC16A12",74.2169308695727,-3.77390757066862,0.683829015754971,-5.51878829900498,2.49137715719999e-05,0.0016005014369358
"LOC388152",740.823378315342,2.6144878481016,0.430946596703342,6.06684881166698,8.9703926632881e-05,0.00430393604770016
"MUSTN1",170.601604831968,-3.44198568247359,0.646776358211969,-5.3217555632198,7.98031388404909e-05,0.00394022297800721
"TMEM195",80.6720451873281,-4.54635417289346,0.931529648401441,-4.88052546764912,7.03263330254683e-05,0.00363895345610665
"FAM180B",119.353098532625,-5.20064954911303,1.02355413431271,-5.08097166018985,2.03054880492235e-05,0.00133930969075814
"C14orf180",1156.54750790892,-8.58399024031518,1.16737152647779,-7.35326333186736,4.10674931905392e-11,2.13791662741595e-08
"DEFB132",960.134405379676,-7.16317279447513,1.77461413441903,-4.03646779068408,0.000259483982414003,0.00956107185521617
"KLHL31",1289.07102542231,-4.34174688984326,0.8392835633278,-5.17315848844701,3.42170377573538e-05,0.00208205855452405
"PRRT4",440.691300217335,-5.37933719216518,0.932609121775596,-5.76805123021255,1.32789115147517e-06,0.000139074466597833
"TMEM215",58.6881366479424,8.01439658321502,1.45901554069762,5.49301659897534,7.6400121701397e-07,8.86087585987813e-05
"LOC415056",12.7870582783919,-7.20545529764789,1.76062368636173,-4.09255842316748,0.000213655968462056,0.00839133816134723
"MAP1LC3C",296.866511724756,-5.65844862839845,0.733380133542366,-7.71557391535419,1.06249684613814e-10,4.59025199952829e-08
"LOC572558",16.9787530158465,-5.65024130316942,1.18567910954505,-4.76540512326093,4.39174780487451e-05,0.00256397952081204
"HEPN1",428.686637811684,-6.90443996025395,1.12844828764161,-6.11852579854044,8.36840369785683e-08,1.37727985050156e-05
"PGA3",35.9926378433946,-5.15983346595541,1.08739730068544,-4.74512256256561,6.52620247852794e-05,0.00342794240217147
"UCA1",127.912227127516,6.27831022356381,1.24523295943441,5.04187604094212,1.12377475122894e-05,0.00082991245623877
"C2orf84",59.3234839523791,-4.2271625152,0.877105951292586,-4.8194434309452,0.000116924876414828,0.00526192393053291
"ABCC6P1",35.6026715884565,-3.42528017289132,0.636388093980795,-5.3823762658179,6.92006211269308e-05,0.00360197570389907
"PLIN4",91672.8683243735,-7.93708858854509,1.0918184536969,-7.26960472381659,1.05097377113212e-10,4.59025199952829e-08
"PRCD",63.2785858831323,-3.55029072924601,0.698693702148621,-5.08132636422537,0.000131077299787009,0.00572006772126088
"TLX1NB",21.4721246918879,7.16932546405507,1.7039001452842,4.20759719042061,0.000147714243781828,0.00622597523608236
